target_type,horizon,target_column,model,MAE,RMSE,R2,train_rows,test_rows
DO mg/L,15min,do_mgl_next_15min,Linear Regression,0.05943170252124923,0.142753386470366,0.9941240339691297,86376,21595
DO mg/L,15min,do_mgl_next_15min,Random Forest,0.18864549399447034,0.42519995335138344,0.9478693843746319,86376,21595
DO mg/L,15min,do_mgl_next_15min,XGBoost,0.4994505592473377,0.6942521361709142,0.8610236547098853,86376,21595
DO %,15min,do_pct_next_15min,Linear Regression,0.4861249888329254,1.2644395326833064,0.9912580609953767,86376,21595
DO %,15min,do_pct_next_15min,Random Forest,0.5780531734974207,1.538239819293331,0.9870622206642039,86376,21595
DO %,15min,do_pct_next_15min,XGBoost,1.665940291945044,2.6940449625202993,0.9603154627889489,86376,21595
DO mg/L,30min,do_mgl_next_30min,Linear Regression,0.08514559112544773,0.20008883003415007,0.9884564077820377,86374,21594
DO mg/L,30min,do_mgl_next_30min,Random Forest,0.2449893844181067,0.5103889443742017,0.9248899927186057,86374,21594
DO mg/L,30min,do_mgl_next_30min,XGBoost,0.48842221874213393,0.660644795853265,0.8741563449556555,86374,21594
DO %,30min,do_pct_next_30min,Linear Regression,0.7085028232039761,1.815416747919303,0.9819803742737485,86374,21594
DO %,30min,do_pct_next_30min,Random Forest,0.8270935253803628,1.9941380422196608,0.9782577979055006,86374,21594
DO %,30min,do_pct_next_30min,XGBoost,1.390041645237657,3.0407454549406547,0.9494462678007033,86374,21594
DO mg/L,45min,do_mgl_next_45min,Linear Regression,0.10853757782283362,0.24753496725091892,0.9823332261082781,86372,21593
DO mg/L,45min,do_mgl_next_45min,Random Forest,0.24309536108159138,0.49996383615687084,0.9279288718211044,86372,21593
DO mg/L,45min,do_mgl_next_45min,XGBoost,0.4212381116071814,0.6176916093515726,0.8899911712060451,86372,21593
DO %,45min,do_pct_next_45min,Linear Regression,0.9267797506350751,2.278137873347326,0.9716250752275492,86372,21593
DO %,45min,do_pct_next_45min,Random Forest,1.0381459016535857,2.708353954053339,0.9598961974238949,86372,21593
DO %,45min,do_pct_next_45min,XGBoost,1.675309170781393,4.3558762873673915,0.8962648870875443,86372,21593
DO mg/L,60min,do_mgl_next_60min,Linear Regression,0.12990597075289426,0.28275322457100666,0.976948495810215,86369,21593
DO mg/L,60min,do_mgl_next_60min,Random Forest,0.29199292920380965,0.5831060325425855,0.9019654395519561,86369,21593
DO mg/L,60min,do_mgl_next_60min,XGBoost,0.3694047880863926,0.5876738795418478,0.9004234872200383,86369,21593
DO %,60min,do_pct_next_60min,Linear Regression,1.1324022342918334,2.60338816833007,0.9629445096930371,86369,21593
DO %,60min,do_pct_next_60min,Random Forest,1.3525856217379608,3.6815340159454237,0.9258975877711879,86369,21593
DO %,60min,do_pct_next_60min,XGBoost,1.5721619158308322,4.5950844854992745,0.884558566213276,86369,21593
DO mg/L,75min,do_mgl_next_75min,Linear Regression,0.15250558320532565,0.33469925343242524,0.9677014910038867,86367,21592
DO mg/L,75min,do_mgl_next_75min,Random Forest,0.29533337594775544,0.5997001538378175,0.8963089415721492,86367,21592
DO mg/L,75min,do_mgl_next_75min,XGBoost,0.441998285035285,0.6688716973449785,0.8710092326690193,86367,21592
DO %,75min,do_pct_next_75min,Linear Regression,1.3515845802130753,3.0977685629480693,0.9475368721802039,86367,21592
DO %,75min,do_pct_next_75min,Random Forest,1.5244900955404224,4.132140720928051,0.9066516922398257,86367,21592
DO %,75min,do_pct_next_75min,XGBoost,1.636996846978158,4.865498452365799,0.8705771614537052,86367,21592
DO mg/L,90min,do_mgl_next_90min,Linear Regression,0.1749863578530185,0.38858546714956865,0.9564642434853613,86364,21592
DO mg/L,90min,do_mgl_next_90min,Random Forest,0.31736528561944544,0.6295456701485105,0.8857312518162698,86364,21592
DO mg/L,90min,do_mgl_next_90min,XGBoost,0.4640520952683372,0.6902400859276939,0.8626358693126788,86364,21592
DO %,90min,do_pct_next_90min,Linear Regression,1.5767556756429613,3.6358128137171835,0.9277297969387629,86364,21592
DO %,90min,do_pct_next_90min,Random Forest,1.6900538782297505,4.645930239023381,0.8819946732096121,86364,21592
DO %,90min,do_pct_next_90min,XGBoost,1.7701480329809653,5.242814749584237,0.8497255080758838,86364,21592
DO mg/L,105min,do_mgl_next_105min,Linear Regression,0.195606415483062,0.42764317371704846,0.9472739878827239,86362,21591
DO mg/L,105min,do_mgl_next_105min,Random Forest,0.3606482815828211,0.7270326451476139,0.8476053709699488,86362,21591
DO mg/L,105min,do_mgl_next_105min,XGBoost,0.41321305829340965,0.6907689511126992,0.8624288225797874,86362,21591
DO %,105min,do_pct_next_105min,Linear Regression,1.782250787794776,3.9934268706117635,0.912817547676904,86362,21591
DO %,105min,do_pct_next_105min,Random Forest,1.8130714120285385,4.9088769695724705,0.8682647789786097,86362,21591
DO %,105min,do_pct_next_105min,XGBoost,1.9181395764227438,5.479628772213755,0.8358503791170716,86362,21591
DO mg/L,120min,do_mgl_next_120min,Linear Regression,0.21472647826831615,0.45612579892642363,0.9400181354884142,86360,21590
DO mg/L,120min,do_mgl_next_120min,Random Forest,0.3556465755859614,0.7128501848069795,0.8534967630432222,86360,21590
DO mg/L,120min,do_mgl_next_120min,XGBoost,0.2923743012637217,0.6104045725958677,0.8925797289274645,86360,21590
DO %,120min,do_pct_next_120min,Linear Regression,1.9705922621731276,4.235014925087575,0.9019542292344063,86360,21590
DO %,120min,do_pct_next_120min,Random Forest,1.9868539142480561,5.3152200098796465,0.8455594050356379,86360,21590
DO %,120min,do_pct_next_120min,XGBoost,1.9588261918902343,5.579973406166959,0.8297907207141243,86360,21590
